[
  {
    "patrol_id": "gen_bord_dog1",
    "biome": [
      "Any"
    ],
    "season": [
      "Any"
    ],
    "types": [
      "border"
    ],
    "tags": [],
    "patrol_art": "bord_general_intro",
    "min_cats": 1,
    "max_cats": 1,
    "min_max_status": {
      "normal adult": null,
      "leader": null,
      "apprentice": null,
      "all apprentices": null
    },
    "weight": 20,
    "intro_text": "r_c tracks the scent of a large dog, wandering along the edge of the Clan's territory.",
    "decline_text": "r_c decides not to pursue such a dangerous creature, especially seeing as it hasn't crossed the border.",
    "chance_of_success": 20,
    "success_outcomes": [
      {
        "relationships": [
          {
            "cats_to": [
              "r_c"
            ],
            "cats_from": [
              "clan"
            ],
            "mutual": false,
            "values": [
              "trust",
              "respect"
            ],
            "amount": 15
          }
        ],
        "stat_skill": null,
        "stat_trait": null,
        "new_cat": null,
        "injury": null,
        "can_have_stat": null,
        "text": "r_c bolts back to camp, yowling a warning!",
        "exp": 40,
        "weight": 20,
        "outsider_rep": 0,
        "other_clan_rep": 0
      },
      {
        "relationships": [
          {
            "cats_to": [
              "s_c"
            ],
            "cats_from": [
              "clan"
            ],
            "mutual": false,
            "values": [
              "trust",
              "respect"
            ],
            "amount": 15
          }
        ],
        "stat_skill": [
          "FIGHTER,3"
        ],
        "stat_trait": null,
        "new_cat": null,
        "injury": null,
        "can_have_stat": null,
        "text": "s_c sets up an ambush for the wandering dog, bloodying its snout and leading it on a wild chasing dance across the border and out of c_n territory.",
        "exp": 40,
        "weight": 20,
        "outsider_rep": 0,
        "other_clan_rep": 0
      },
      {
        "relationships": [
          {
            "cats_to": [
              "s_c"
            ],
            "cats_from": [
              "clan"
            ],
            "mutual": false,
            "values": [
              "trust",
              "respect"
            ],
            "amount": 15
          }
        ],
        "stat_skill": null,
        "stat_trait": [
          "altruistic",
          "ambitious",
          "compassionate",
          "confident",
          "faithful",
          "fierce",
          "loving",
          "loyal",
          "responsible",
          "righteous"
        ],
        "new_cat": null,
        "injury": null,
        "can_have_stat": null,
        "text": "{PRONOUN/s_c/subject/CAP} {VERB/s_c/don't/doesn't} feel like {PRONOUN/s_c/subject} {VERB/s_c/have/has} anything like the skill or power, but s_c would give {PRONOUN/s_c/poss} life for c_n, charging in to courageously lead the dog away from c_n territory. Each booming bark has to be the herald of {PRONOUN/s_c/poss} doom, each rancid breath the last thing {PRONOUN/s_c/subject}'ll ever smell, but somehow, eventually, limbs and lungs burning, {PRONOUN/s_c/subject} {VERB/s_c/leap/leaps} to refuge.",
        "exp": 40,
        "weight": 20,
        "outsider_rep": 0,
        "other_clan_rep": 0
      }
    ],
    "fail_outcomes": [
      {
        "dead_cats": [
          "r_c"
        ],
        "history_text": {
          "scar": "This cat is scarred from bravely defending the Clan against a dog.",
          "reg_death": "This cat died to keep c_n safe from a large dog.",
          "lead_death": "died to keep c_n safe from a large dog"
        },
        "relationships": [
          {
            "cats_to": [
              "r_c"
            ],
            "cats_from": [
              "clan"
            ],
            "mutual": false,
            "values": [
              "trust",
              "respect"
            ],
            "amount": 15
          }
        ],
        "injury": null,
        "stat_trait": null,
        "stat_skill": null,
        "text": "r_c would give {PRONOUN/r_c/poss} life to protect c_n, and as {PRONOUN/r_c/subject} {VERB/r_c/lead/leads} the huge dog away from the Clan, in {PRONOUN/r_c/poss} heart, {PRONOUN/r_c/subject} {VERB/r_c/accept/accepts} that's what {PRONOUN/r_c/subject}{VERB/r_c/'re/'s} doing. As darkness closes in around {PRONOUN/r_c/object} and the dog's jaws descend again, r_c tries to sink {PRONOUN/r_c/poss} claws into its face, and hopes desperately that {PRONOUN/r_c/subject} led it far enough.",
        "exp": 0,
        "weight": 10,
        "outsider_rep": 0,
        "other_clan_rep": 0
      },
      {
        "dead_cats": null,
        "history_text": {
          "scar": "This cat is scarred from bravely defending the Clan against a dog.",
          "reg_death": "This cat died to keep c_n safe from a large dog.",
          "lead_death": "died to keep c_n safe from a large dog"
        },
        "relationships": [
          {
            "cats_to": [
              "r_c"
            ],
            "cats_from": [
              "clan"
            ],
            "mutual": false,
            "values": [
              "trust",
              "respect"
            ],
            "amount": 15
          }
        ],
        "injury": [
          {
            "cats": [
              "r_c"
            ],
            "injuries": [
              "big_bite_injury"
            ],
            "no_results": false,
            "scars": [
              "BRIGHTHEART"
            ]
          }
        ],
        "stat_trait": null,
        "stat_skill": null,
        "text": "r_c would give their life to protect c_n, and as {PRONOUN/r_c/subject} {VERB/r_c/charge/charges} past the huge dog to lead it far, far from c_n, {PRONOUN/r_c/subject} {VERB/r_c/accept/accepts} it. Fear gives {PRONOUN/r_c/object} speed, but it only takes one successful hit. Miraculously {PRONOUN/r_c/subject} {VERB/r_c/fly/flies} out of the dog's jaws while it shakes {PRONOUN/r_c/object}, landing in a refuge. r_c is injured, desperate, and terrified - but {PRONOUN/r_c/subject}{VERB/r_c/'re/'s} alive.",
        "exp": 0,
        "weight": 10,
        "outsider_rep": 0,
        "other_clan_rep": 0
      }
    ],
    "antag_fail_outcomes": null,
    "antag_success_outcomes": null
  },
  {
    "patrol_id": "gen_bord_dog2",
    "biome": [
      "Any"
    ],
    "season": [
      "Any"
    ],
    "types": [
      "border"
    ],
    "tags": [
      "patrol_rel",
      "pos_fail"
    ],
    "patrol_art": "bord_general_intro",
    "min_cats": 2,
    "max_cats": 3,
    "min_max_status": {
      "normal adult": null,
      "leader": null,
      "apprentice": null,
      "all apprentices": null
    },
    "weight": 20,
    "intro_text": "Your patrol tracks the scent of a large dog, wandering along the edge of the Clan's territory.",
    "decline_text": "Your patrol decides not to pursue such a dangerous creature, especially seeing as it hasn't crossed the border.",
    "chance_of_success": 30,
    "success_outcomes": [
      {
        "relationships": [
          {
            "cats_to": [
              "patrol"
            ],
            "cats_from": [
              "clan"
            ],
            "mutual": false,
            "values": [
              "respect",
              "trust"
            ],
            "amount": 5
          }
        ],
        "stat_skill": null,
        "stat_trait": null,
        "new_cat": null,
        "injury": null,
        "can_have_stat": null,
        "text": "The patrol shadows the dog, sending a message back to warn camp. It's an exhausting and stressful day, but by the time night falls they've confirmed that the dog is leaving the local area, and the patrol has assured c_n's safety.",
        "exp": 20,
        "weight": 20,
        "outsider_rep": 0,
        "other_clan_rep": 0
      },
      {
        "relationships": [
          {
            "cats_to": [
              "patrol"
            ],
            "cats_from": [
              "clan"
            ],
            "mutual": false,
            "values": [
              "respect",
              "trust"
            ],
            "amount": 5
          }
        ],
        "stat_skill": null,
        "stat_trait": null,
        "new_cat": null,
        "injury": null,
        "can_have_stat": null,
        "text": "Your patrol gathers their courage and valiantly tries to lead away the dog. With such a small group of cats, they can only lead it a short distance, but it's better than nothing.",
        "exp": 20,
        "weight": 5,
        "outsider_rep": 0,
        "other_clan_rep": 0
      },
      {
        "relationships": [
          {
            "cats_to": [
              "patrol"
            ],
            "cats_from": [
              "clan"
            ],
            "mutual": false,
            "values": [
              "respect",
              "trust"
            ],
            "amount": 5
          }
        ],
        "stat_skill": [
          "FIGHTER,3"
        ],
        "stat_trait": null,
        "new_cat": null,
        "injury": null,
        "can_have_stat": null,
        "text": "s_c sets up a careful ambush ahead of the dog, and the surprising, darting attack bloodies the dog's flank, dissuading it from heading further into c_n territory.",
        "exp": 20,
        "weight": 20,
        "outsider_rep": 0,
        "other_clan_rep": 0
      },
      {
        "relationships": [
          {
            "cats_to": [
              "patrol"
            ],
            "cats_from": [
              "clan"
            ],
            "mutual": false,
            "values": [
              "respect",
              "trust"
            ],
            "amount": 5
          }
        ],
        "stat_skill": null,
        "stat_trait": [
          "compassionate",
          "confident",
          "faithful",
          "fierce",
          "loving",
          "loyal",
          "responsible",
          "righteous"
        ],
        "new_cat": null,
        "injury": null,
        "can_have_stat": null,
        "text": "s_c selflessly takes the lion's share of the run as the patrol leads the dog on, exhausting {PRONOUN/s_c/self} almost to the point of danger, but leading the dog far away from c_n borders. {PRONOUN/s_c/poss/CAP} Clanmates support {PRONOUN/s_c/object} on the long walk home once it's all over, their purrs mixing with s_c's exhausted pants.",
        "exp": 20,
        "weight": 20,
        "outsider_rep": 0,
        "other_clan_rep": 0
      }
    ],
    "fail_outcomes": [
      {
        "dead_cats": null,
        "history_text": null,
        "relationships": [
          {
            "cats_to": [
              "patrol"
            ],
            "cats_from": [
              "clan"
            ],
            "mutual": false,
            "values": [
              "respect",
              "trust"
            ],
            "amount": -5
          }
        ],
        "injury": null,
        "stat_trait": null,
        "stat_skill": null,
        "text": "The patrol tries to keep watch on the dog from a distance, but it spots the cats and they have to scatter. Everyone escapes just fine, but they lose track of the dog. It could be anywhere still out there, lurking, waiting to attack.",
        "exp": 0,
        "weight": 20,
        "outsider_rep": 0,
        "other_clan_rep": 0
      },
      {
        "dead_cats": null,
        "history_text": null,
        "relationships": [
          {
            "cats_to": [
              "patrol"
            ],
            "cats_from": [
              "clan"
            ],
            "mutual": false,
            "values": [
              "respect",
              "trust"
            ],
            "amount": -5
          }
        ],
        "injury": null,
        "stat_trait": [
          "ambitious",
          "bloodthirsty",
          "troublesome",
          "vengeful"
        ],
        "stat_skill": null,
        "text": "s_c tries to take the lion's share of the effort to lead the dog away, but {PRONOUN/s_c/poss} strength fails {PRONOUN/s_c/object} and the rest of the patrol needs to rescue {PRONOUN/s_c/object}, cutting short the results of the patrol. Instead, everyone knows the dog could still be lurking on their borders.",
        "exp": 0,
        "weight": 20,
        "outsider_rep": 0,
        "other_clan_rep": 0
      },
      {
        "dead_cats": [
          "r_c"
        ],
        "history_text": {
          "scar": "This cat is scarred from bravely defending the Clan against a dog.",
          "reg_death": "This cat died to keep the Clan safe from a large dog.",
          "lead_death": "died to keep c_n safe from a large dog"
        },
        "relationships": [
          {
            "cats_to": [
              "patrol"
            ],
            "cats_from": [
              "clan"
            ],
            "mutual": false,
            "values": [
              "respect",
              "trust"
            ],
            "amount": -5
          }
        ],
        "injury": null,
        "stat_trait": null,
        "stat_skill": null,
        "text": "The patrol tries to lead the dog away from the Clan's borders, but with so few cats it's impossible to cover each other's backs. r_c falls to the dog as the rest of the patrol runs for their lives back to camp, terrified out of their pelts and mourning their Clanmate.",
        "exp": 0,
        "weight": 10,
        "outsider_rep": 0,
        "other_clan_rep": 0
      },
      {
        "dead_cats": null,
        "history_text": {
          "scar": "This cat is scarred from bravely defending the Clan against a dog.",
          "reg_death": "This cat died to keep the Clan safe from a large dog.",
          "lead_death": "died to keep c_n safe from a large dog"
        },
        "relationships": [
          {
            "cats_to": [
              "patrol"
            ],
            "cats_from": [
              "clan"
            ],
            "mutual": false,
            "values": [
              "respect",
              "trust"
            ],
            "amount": -5
          }
        ],
        "injury": [
          {
            "cats": [
              "r_c"
            ],
            "injuries": [
              "big_bite_injury"
            ],
            "no_results": false,
            "scars": [
              "BRIGHTHEART"
            ]
          }
        ],
        "stat_trait": null,
        "stat_skill": null,
        "text": "The patrol tries bravely to lead the dog away from c_n borders, but with so few cats it's impossible to cover each other's backs. r_c gets caught while running, and it's all the rest of the patrol can do to distract the dog long enough to get {PRONOUN/r_c/object} to safety.",
        "exp": 0,
        "weight": 10,
        "outsider_rep": 0,
        "other_clan_rep": 0
      }
    ],
    "antag_fail_outcomes": null,
    "antag_success_outcomes": null
  },
  {
    "patrol_id": "gen_bord_dog3",
    "biome": [
      "Any"
    ],
    "season": [
      "Any"
    ],
    "types": [
      "border"
    ],
    "tags": [
      "patrol_rel",
      "pos_fail"
    ],
    "patrol_art": "bord_general_intro",
    "min_cats": 4,
    "max_cats": 6,
    "min_max_status": {
      "normal adult": null,
      "leader": null,
      "apprentice": null,
      "all apprentices": null
    },
    "weight": 20,
    "intro_text": "Your patrol stumbles across a large dog, wandering in the middle of the Clan's territory.",
    "decline_text": "Your patrol decides not to pursue such a dangerous creature. c_n will just have to hope it doesn't come any nearer to camp.",
    "chance_of_success": 10,
    "success_outcomes": [
      {
        "relationships": [
          {
            "cats_to": [
              "patrol"
            ],
            "cats_from": [
              "clan"
            ],
            "mutual": false,
            "values": [
              "respect",
              "trust"
            ],
            "amount": 5
          }
        ],
        "stat_skill": null,
        "stat_trait": null,
        "new_cat": null,
        "injury": null,
        "can_have_stat": null,
        "text": "They decide that no cat is going to be surprised by this predator again, and the patrol shadows the dog, sending a message to warn camp. With enough cats to keep watch, rest, track, and send messages forward and back from camp, c_n is kept safe from the wandering dog.",
        "exp": 20,
        "weight": 20,
        "outsider_rep": 0,
        "other_clan_rep": 0
      },
      {
        "relationships": [
          {
            "cats_to": [
              "patrol"
            ],
            "cats_from": [
              "clan"
            ],
            "mutual": false,
            "values": [
              "respect",
              "trust"
            ],
            "amount": 5
          }
        ],
        "stat_skill": null,
        "stat_trait": null,
        "new_cat": null,
        "injury": null,
        "can_have_stat": null,
        "text": "Your patrol gathers their courage and valiantly drives away the dog. Together, working as one, and with all the strength of StarClan behind them, the patrol presses the dog. By keeping up a series of small skirmishes through the entire day, they drive it all the way off c_n territory.",
        "exp": 20,
        "weight": 5,
        "outsider_rep": 0,
        "other_clan_rep": 0
      },
      {
        "relationships": [
          {
            "cats_to": [
              "patrol"
            ],
            "cats_from": [
              "clan"
            ],
            "mutual": false,
            "values": [
              "respect",
              "trust"
            ],
            "amount": 5
          }
        ],
        "stat_skill": [
          "FIGHTER,3"
        ],
        "stat_trait": null,
        "new_cat": null,
        "injury": null,
        "can_have_stat": null,
        "text": "s_c has just enough time to yell out a plan, leading the whole large patrol in a skillful battle plan against the dog that protects the cats from the chance of injury. The dog tucks tail, and runs for more friendly lands.",
        "exp": 20,
        "weight": 20,
        "outsider_rep": 0,
        "other_clan_rep": 0
      },
      {
        "relationships": [
          {
            "cats_to": [
              "patrol"
            ],
            "cats_from": [
              "clan"
            ],
            "mutual": false,
            "values": [
              "respect",
              "trust"
            ],
            "amount": 5
          }
        ],
        "stat_skill": null,
        "stat_trait": [
          "compassionate",
          "confident",
          "faithful",
          "fierce",
          "loving",
          "loyal",
          "responsible",
          "righteous"
        ],
        "new_cat": null,
        "injury": null,
        "can_have_stat": null,
        "text": "s_c selflessly throws {PRONOUN/s_c/self} into the fight, and every time the dog tries to grab at {PRONOUN/s_c/poss} Clanmates, {PRONOUN/s_c/subject}{VERB/s_c/'re/'s} there with claws, fur puffed out to twice {PRONOUN/s_c/poss} normal size. With s_c defending them, the patrol drives the dog off, yowling triumphantly.",
        "exp": 20,
        "weight": 20,
        "outsider_rep": 0,
        "other_clan_rep": 0
      }
    ],
    "fail_outcomes": [
      {
        "dead_cats": null,
        "history_text": null,
        "relationships": [
          {
            "cats_to": [
              "patrol"
            ],
            "cats_from": [
              "clan"
            ],
            "mutual": false,
            "values": [
              "respect",
              "trust"
            ],
            "amount": -5
          }
        ],
        "injury": null,
        "stat_trait": null,
        "stat_skill": null,
        "text": "The patrol tries to keep watch on the dog from a distance, but it spots the cats and they have to scatter. It's not as bad as it could've been though; r_c manages to keep track of the dog's position, and it doesn't come any further into c_n territory.",
        "exp": 0,
        "weight": 20,
        "outsider_rep": 0,
        "other_clan_rep": 0
      },
      {
        "dead_cats": null,
        "history_text": null,
        "relationships": [
          {
            "cats_to": [
              "patrol"
            ],
            "cats_from": [
              "clan"
            ],
            "mutual": false,
            "values": [
              "respect",
              "trust"
            ],
            "amount": -5
          }
        ],
        "injury": null,
        "stat_trait": [
          "ambitious",
          "bloodthirsty",
          "troublesome",
          "vengeful"
        ],
        "stat_skill": null,
        "text": "s_c tries to protect {PRONOUN/s_c/poss} Clanmates, but it gets in the way of the attack. Without everyone committed to driving the dog off, the patrol has to fall back, but they do so in good order.",
        "exp": 0,
        "weight": 20,
        "outsider_rep": 0,
        "other_clan_rep": 0
      },
      {
        "dead_cats": [
          "r_c"
        ],
        "history_text": {
          "scar": "This cat is scarred from bravely defending the Clan against a dog.",
          "reg_death": "This cat died to keep the Clan safe from a large dog.",
          "lead_death": "died to keep c_n safe from a large dog"
        },
        "relationships": [
          {
            "cats_to": [
              "patrol"
            ],
            "cats_from": [
              "clan"
            ],
            "mutual": false,
            "values": [
              "respect",
              "trust"
            ],
            "amount": -5
          }
        ],
        "injury": null,
        "stat_trait": null,
        "stat_skill": null,
        "text": "With so many cats all working as one, the dog started to get beaten back. But just as the tide of the fight seems about to turn, one lucky strike hits r_c, and those vicious jaws take {PRONOUN/r_c/object} to StarClan.",
        "exp": 0,
        "weight": 10,
        "outsider_rep": 0,
        "other_clan_rep": 0
      },
      {
        "dead_cats": null,
        "history_text": {
          "scar": "This cat is scarred from bravely defending the Clan against a dog.",
          "reg_death": "This cat died to keep the Clan safe from a large dog.",
          "lead_death": "died to keep c_n safe from a large dog"
        },
        "relationships": [
          {
            "cats_to": [
              "patrol"
            ],
            "cats_from": [
              "clan"
            ],
            "mutual": false,
            "values": [
              "respect",
              "trust"
            ],
            "amount": -5
          }
        ],
        "injury": [
          {
            "cats": [
              "r_c"
            ],
            "injuries": [
              "big_bite_injury"
            ],
            "no_results": false,
            "scars": [
              "BRIGHTHEART"
            ]
          }
        ],
        "stat_trait": null,
        "stat_skill": null,
        "text": "The patrol fights bravely, but you only need to be unlucky once. r_c gets taken out of the fight with one snap of the beast's huge jaws. The rest of the patrol rallies to defend {PRONOUN/r_c/object}, and r_c is safely helped back to camp, where the medicine den awaits.",
        "exp": 0,
        "weight": 10,
        "outsider_rep": 0,
        "other_clan_rep": 0
      }
    ],
    "antag_fail_outcomes": null,
    "antag_success_outcomes": null
  },
  {
    "patrol_id": "gen_bord_smalldog1",
    "biome": [
      "Any"
    ],
    "season": [
      "Any"
    ],
    "types": [
      "border"
    ],
    "tags": [],
    "patrol_art": "bord_general_intro",
    "min_cats": 1,
    "max_cats": 1,
    "min_max_status": {
      "normal adult": null,
      "leader": null,
      "apprentice": null,
      "all apprentices": null
    },
    "weight": 20,
    "intro_text": "Your patrol comes across a small dog.",
    "decline_text": "The patrol decides not to pursue the dog.",
    "chance_of_success": 40,
    "success_outcomes": [
      {
        "relationships": [
          {
            "cats_to": [
              "patrol"
            ],
            "cats_from": [
              "patrol"
            ],
            "mutual": false,
            "values": [
              "respect",
              "trust"
            ],
            "amount": 5
          }
        ],
        "stat_skill": null,
        "stat_trait": null,
        "new_cat": null,
        "injury": null,
        "can_have_stat": null,
        "text": "r_c hisses at the dog, warning it off. It skitters back, yapping loudly but headed in the right direction. Maybe {PRONOUN/r_c/subject} should add dog herding to {PRONOUN/r_c/poss} list of accomplishments?",
        "exp": 10,
        "weight": 20,
        "outsider_rep": 0,
        "other_clan_rep": 0
      },
      {
        "relationships": [
          {
            "cats_to": [
              "patrol"
            ],
            "cats_from": [
              "patrol"
            ],
            "mutual": false,
            "values": [
              "respect",
              "trust"
            ],
            "amount": 5
          }
        ],
        "stat_skill": null,
        "stat_trait": null,
        "new_cat": null,
        "injury": null,
        "can_have_stat": null,
        "text": "r_c unsheathes {PRONOUN/r_c/poss} claws, puffs {PRONOUN/r_c/poss} fur out to as far as it'll go, gathers {PRONOUN/r_c/poss} courage, and drives the small dog from the border.",
        "exp": 10,
        "weight": 5,
        "outsider_rep": 0,
        "other_clan_rep": 0
      },
      {
        "relationships": [
          {
            "cats_to": [
              "patrol"
            ],
            "cats_from": [
              "patrol"
            ],
            "mutual": false,
            "values": [
              "respect",
              "trust"
            ],
            "amount": 5
          }
        ],
        "stat_skill": [
          "FIGHTER,1"
        ],
        "stat_trait": null,
        "new_cat": null,
        "injury": null,
        "can_have_stat": null,
        "text": "s_c unleashes all {PRONOUN/r_c/poss} battle experience, darting this way and that, ripping chunks of dog fur out as {PRONOUN/r_c/subject} {VERB/r_c/drive/drives} it into the distance.",
        "exp": 10,
        "weight": 20,
        "outsider_rep": 0,
        "other_clan_rep": 0
      }
    ],
    "fail_outcomes": [
      {
        "dead_cats": null,
        "history_text": null,
        "relationships": [
          {
            "cats_to": [
              "patrol"
            ],
            "cats_from": [
              "patrol"
            ],
            "mutual": false,
            "values": [
              "respect",
              "trust"
            ],
            "amount": -5
          }
        ],
        "injury": null,
        "stat_trait": null,
        "stat_skill": null,
        "text": "All r_c's attempts to drive the small dog off only send it into greater and greater fits of excitement, until the only thing to do is wait miserably and humiliatingly in a safe spot until the beast calms down.",
        "exp": 0,
        "weight": 20,
        "outsider_rep": 0,
        "other_clan_rep": 0
      },
      {
        "dead_cats": [
          "r_c"
        ],
        "history_text": {
          "scar": "This cat got a scar from a fight with a small dog, but {PRONOUN/m_c/subject} always {VERB/m_c/say/says} it was a huge dog.",
          "reg_death": "This cat was killed in a fight with a small dog, but {PRONOUN/m_c/subject} took the dog out with {PRONOUN/m_c/object}.",
          "lead_death": "killed in a fight with a small dog"
        },
        "relationships": [
          {
            "cats_to": [
              "patrol"
            ],
            "cats_from": [
              "patrol"
            ],
            "mutual": false,
            "values": [
              "respect",
              "trust"
            ],
            "amount": -5
          }
        ],
        "injury": null,
        "stat_trait": null,
        "stat_skill": null,
        "text": "The animal is far more tenacious than r_c ever expected, and once the fight starts, there's no escaping from it. As r_c's world goes dark, {PRONOUN/r_c/subject} {VERB/r_c/have/has} {PRONOUN/r_c/poss} fangs sunk in the dog's throat. At least {PRONOUN/r_c/subject}'ll take the beast with {PRONOUN/r_c/object}.",
        "exp": 0,
        "weight": 10,
        "outsider_rep": 0,
        "other_clan_rep": 0
      },
      {
        "dead_cats": null,
        "history_text": {
          "scar": "This cat got a scar from a fight with a small dog, but {PRONOUN/m_c/subject} always {VERB/m_c/say/says} it was a huge dog.",
          "reg_death": "This cat was killed in a fight with a small dog, but {PRONOUN/m_c/subject} took the dog out with {PRONOUN/m_c/object}.",
          "lead_death": "killed in a fight with a small dog"
        },
        "relationships": [
          {
            "cats_to": [
              "patrol"
            ],
            "cats_from": [
              "patrol"
            ],
            "mutual": false,
            "values": [
              "respect",
              "trust"
            ],
            "amount": -5
          }
        ],
        "injury": [
          {
            "cats": [
              "r_c"
            ],
            "injuries": [
              "small_bite_injury"
            ],
            "no_results": false,
            "scars": [
              "LEGBITE"
            ]
          }
        ],
        "stat_trait": null,
        "stat_skill": null,
        "text": "Small, yappy, but... still a dog. r_c peers down from the tree where the animal has pinned {PRONOUN/r_c/object}, wincing in pain. {PRONOUN/r_c/subject/CAP} won't underestimate these ugly creatures again.",
        "exp": 0,
        "weight": 10,
        "outsider_rep": 0,
        "other_clan_rep": 0
      }
    ],
    "antag_fail_outcomes": null,
    "antag_success_outcomes": null
  },
  {
    "patrol_id": "gen_bord_smalldog2",
    "biome": [
      "Any"
    ],
    "season": [
      "Any"
    ],
    "types": [
      "border"
    ],
    "tags": [],
    "patrol_art": "bord_general_intro",
    "min_cats": 2,
    "max_cats": 3,
    "min_max_status": {
      "normal adult": null,
      "leader": null,
      "apprentice": null,
      "all apprentices": null
    },
    "weight": 20,
    "intro_text": "Your patrol comes across a small dog, right on the border of c_n territory.",
    "decline_text": "p_l decides not to pursue the dog, instead cutting the patrol short to head back to camp and report it.",
    "chance_of_success": 40,
    "success_outcomes": [
      {
        "relationships": [
          {
            "cats_to": [
              "patrol"
            ],
            "cats_from": [
              "patrol"
            ],
            "mutual": false,
            "values": [
              "respect",
              "comfort",
              "trust"
            ],
            "amount": 5
          }
        ],
        "stat_skill": null,
        "stat_trait": null,
        "new_cat": null,
        "injury": null,
        "can_have_stat": null,
        "text": "p_l hisses at the small dog, and the rest of their small team back them up. The dog skitters back, yapping loudly, apparently shocked by the display, and the patrol breaks out into yowls and caterwauls, screaming until the small beast's nerve breaks, and it runs from the c_n border into the distance.",
        "exp": 10,
        "weight": 20,
        "outsider_rep": 0,
        "other_clan_rep": 0
      },
      {
        "relationships": [
          {
            "cats_to": [
              "patrol"
            ],
            "cats_from": [
              "patrol"
            ],
            "mutual": false,
            "values": [
              "respect",
              "comfort",
              "trust"
            ],
            "amount": 5
          }
        ],
        "stat_skill": null,
        "stat_trait": null,
        "new_cat": null,
        "injury": null,
        "can_have_stat": null,
        "text": "The patrol paces towards the small dog, claws out, fur up, backed up with the courage of their Clanmates. The dog breaks into a barking fit, but that's their opportunity to attack, covering each other as they push the creature away from their lands.",
        "exp": 10,
        "weight": 5,
        "outsider_rep": 0,
        "other_clan_rep": 0
      },
      {
        "relationships": [
          {
            "cats_to": [
              "patrol"
            ],
            "cats_from": [
              "patrol"
            ],
            "mutual": false,
            "values": [
              "respect",
              "comfort",
              "trust"
            ],
            "amount": 5
          }
        ],
        "stat_skill": [
          "FIGHTER,1"
        ],
        "stat_trait": null,
        "new_cat": null,
        "injury": null,
        "can_have_stat": null,
        "text": "s_c calls out a battle plan, and the cats flow into it, carefully covering each other and driving the dog backwards until its nerve breaks, it tucks tail, and it runs from c_n territory headed deep into the wilderness.",
        "exp": 10,
        "weight": 20,
        "outsider_rep": 0,
        "other_clan_rep": 0
      }
    ],
    "fail_outcomes": [
      {
        "dead_cats": null,
        "history_text": null,
        "relationships": null,
        "injury": null,
        "stat_trait": null,
        "stat_skill": null,
        "text": "All r_c's attempts to drive the small dog off only send it into greater and greater fits of excitement, until the only thing to do is wait exasperatedly in a safe spot until the beast calms down.",
        "exp": 0,
        "weight": 20,
        "outsider_rep": 0,
        "other_clan_rep": 0
      },
      {
        "dead_cats": null,
        "history_text": {
          "scar": "This cat got a scar from a fight with a small dog, but {PRONOUN/m_c/subject} always {VERB/m_c/say/says} it was a huge dog.",
          "reg_death": null,
          "lead_death": null
        },
        "relationships": null,
        "injury": [
          {
            "cats": [
              "r_c"
            ],
            "injuries": [
              "small_bite_injury"
            ],
            "no_results": false,
            "scars": [
              "LEGBITE"
            ]
          }
        ],
        "stat_trait": null,
        "stat_skill": null,
        "text": "The dog gets a lucky hit in on r_c, though together all the cats are still able to drive it off successfully.",
        "exp": 0,
        "weight": 10,
        "outsider_rep": 0,
        "other_clan_rep": 0
      }
    ],
    "antag_fail_outcomes": null,
    "antag_success_outcomes": null
  },
  {
    "patrol_id": "gen_bord_smalldog3",
    "biome": [
      "Any"
    ],
    "season": [
      "Any"
    ],
    "types": [
      "border"
    ],
    "tags": [],
    "patrol_art": "bord_general_intro",
    "min_cats": 4,
    "max_cats": 6,
    "min_max_status": {
      "normal adult": null,
      "leader": null,
      "apprentice": null,
      "all apprentices": null
    },
    "weight": 20,
    "intro_text": "Your patrol comes across a small dog, right on the border of c_n territory.",
    "decline_text": "p_l decides not to pursue the dog, instead cutting the patrol short to head back to camp and report it.",
    "chance_of_success": 10,
    "success_outcomes": [
      {
        "relationships": [
          {
            "cats_to": [
              "patrol"
            ],
            "cats_from": [
              "patrol"
            ],
            "mutual": false,
            "values": [
              "respect",
              "comfort",
              "trust"
            ],
            "amount": 5
          }
        ],
        "stat_skill": null,
        "stat_trait": null,
        "new_cat": null,
        "injury": null,
        "can_have_stat": null,
        "text": "The patrol paces towards the small dog, claws out, fur up, backed up with the courage of their Clanmates. The dog breaks into a barking fit, but that's their opportunity to attack, covering each other as they push the creature away from their lands.",
        "exp": 10,
        "weight": 20,
        "outsider_rep": 0,
        "other_clan_rep": 0
      },
      {
        "relationships": [
          {
            "cats_to": [
              "patrol"
            ],
            "cats_from": [
              "patrol"
            ],
            "mutual": false,
            "values": [
              "respect",
              "comfort",
              "trust"
            ],
            "amount": 5
          }
        ],
        "stat_skill": null,
        "stat_trait": null,
        "new_cat": null,
        "injury": null,
        "can_have_stat": null,
        "text": "Mobbed by cats and near blind with the blood in its eyes, the dog flees from c_n, yelping pitifully.",
        "exp": 10,
        "weight": 5,
        "outsider_rep": 0,
        "other_clan_rep": 0
      },
      {
        "relationships": [
          {
            "cats_to": [
              "patrol"
            ],
            "cats_from": [
              "patrol"
            ],
            "mutual": false,
            "values": [
              "respect",
              "comfort",
              "trust"
            ],
            "amount": 5
          }
        ],
        "stat_skill": [
          "FIGHTER,1"
        ],
        "stat_trait": null,
        "new_cat": null,
        "injury": null,
        "can_have_stat": null,
        "text": "s_c calls out a battle plan, and the cats flow into it, carefully covering each other and driving the dog backwards until its nerve breaks, it tucks tail, and it runs from c_n territory headed deep into the wilderness.",
        "exp": 10,
        "weight": 20,
        "outsider_rep": 0,
        "other_clan_rep": 0
      }
    ],
    "fail_outcomes": [
      {
        "dead_cats": null,
        "history_text": null,
        "relationships": null,
        "injury": null,
        "stat_trait": null,
        "stat_skill": null,
        "text": "All r_c's attempts to drive the small dog off only send it into greater and greater fits of excitement, until the only thing to do is wait exasperatedly in a safe spot until the beast calms down.",
        "exp": 0,
        "weight": 20,
        "outsider_rep": 0,
        "other_clan_rep": 0
      },
      {
        "dead_cats": null,
        "history_text": {
          "scar": "This cat got a scar from a fight with a small dog, though {PRONOUN/m_c/subject} {VERB/m_c/insist/insists} it was huge.",
          "reg_death": null,
          "lead_death": null
        },
        "relationships": null,
        "injury": [
          {
            "cats": [
              "r_c"
            ],
            "injuries": [
              "small_bite_injury"
            ],
            "no_results": false,
            "scars": [
              "LEGBITE"
            ]
          }
        ],
        "stat_trait": null,
        "stat_skill": null,
        "text": "The dog gets a lucky hit in on r_c, though together all the cats are still able to drive it off successfully.",
        "exp": 0,
        "weight": 10,
        "outsider_rep": 0,
        "other_clan_rep": 0
      }
    ],
    "antag_fail_outcomes": null,
    "antag_success_outcomes": null
  },
  {
    "patrol_id": "gen_bord_abandonedkittypet1_kittypet4",
    "biome": [
      "Any"
    ],
    "season": [
      "Any"
    ],
    "types": [
      "border"
    ],
    "tags": [
      "new_cat"
    ],
    "patrol_art": "bord_general_intro",
    "min_cats": 2,
    "max_cats": 6,
    "min_max_status": {
      "normal adult": [
        1,
        6
      ],
      "leader": null,
      "apprentice": null,
      "all apprentices": null
    },
    "weight": 20,
    "intro_text": "The patrol hears a cat begging for their housefolk to come back, just barely legible over the sound of a monster speeding away.",
    "decline_text": "p_l decides it's none of {PRONOUN/p_l/poss} business, and resumes {PRONOUN/p_l/poss} patrol.",
    "chance_of_success": 30,
    "success_outcomes": [
      {
        "relationships": [
          {
            "cats_to": [
              "patrol"
            ],
            "cats_from": [
              "patrol"
            ],
            "mutual": false,
            "values": [
              "respect"
            ],
            "amount": 5
          },
          {
            "cats_to": [
              "patrol"
            ],
            "cats_from": [
              "n_c:0"
            ],
            "mutual": false,
            "values": [
              "platonic",
              "trust",
              "comfort"
            ],
            "amount": 10
          }
        ],
        "stat_skill": null,
        "stat_trait": null,
        "new_cat": [
          [
            "kittypet"
          ]
        ],
        "injury": [
          {
            "cats": [
              "n_c:0"
            ],
            "injuries": [
              "sickness"
            ],
            "no_results": true,
            "scars": null
          }
        ],
        "can_have_stat": null,
        "text": "p_l finds a kittypet collapsed by the Thunderpath, wailing for their housefolk. p_l comforts them, asking why they were left here. The only explanation they have is that they're sick.. perhaps they were too much of a burden? p_l offers them a place in c_n, at least until they're better. They tentatively accept, looking longingly at the Thunderpath as they're led away.",
        "exp": 15,
        "weight": 20,
        "outsider_rep": 1,
        "other_clan_rep": 0
      }
    ],
    "fail_outcomes": [
      {
        "dead_cats": null,
        "history_text": null,
        "relationships": [
          {
            "cats_to": [
              "patrol"
            ],
            "cats_from": [
              "patrol"
            ],
            "mutual": false,
            "values": [
              "respect"
            ],
            "amount": -5
          }
        ],
        "injury": null,
        "stat_trait": null,
        "stat_skill": null,
        "text": "{PRONOUN/p_l/subject/CAP} {VERB/p_l/discover/discovers} the cooling body of a kittypet; it seems they attempted to run after their Twolegs, but was run over by another monster. p_l silently sends a prayer for the kittypet, and can't help but to curse the Twolegs who abandoned such a loyal cat.",
        "exp": 0,
        "weight": 20,
        "outsider_rep": -1,
        "other_clan_rep": 0
      }
    ],
    "antag_fail_outcomes": [
      {
        "text": "The kittypet tries to make a run for it, when suddenly they collapse! When p_l comes closer, {PRONOUN/p_l/subject} can smell the sickness coming off the kittypet's pelt. {PRONOUN/p_l/subject/CAP} {VERB/p_l/decide/decides} to resume the border patrol - it's not {PRONOUN/p_l/poss} problem anymore.",
        "exp": 0,
        "weight": 20,
        "outsider_rep": -1,
        "other_clan_rep": 0
      }
    ],
    "antag_success_outcomes": [
      {
        "text": "{PRONOUN/p_l/subject/CAP} {VERB/p_l/tell/tells} the kittypet that they aren't welcome here, but after {PRONOUN/p_l/subject} {VERB/p_l/hear/hears} that the kittypet is ill, {PRONOUN/p_l/subject} {VERB/p_l/agree/agrees} to carry them to a nearby Twoleg den to find help.",
        "exp": 15,
        "weight": 20,
        "outsider_rep": -2,
        "other_clan_rep": 0
      }
    ]
  },
  {
    "patrol_id": "gen_bord_otherclankits1",
    "biome": [
      "Any"
    ],
    "season": [
      "Any"
    ],
    "types": [
      "border"
    ],
    "tags": [
      "other_clan"
    ],
    "patrol_art": "bord_general_intro",
    "min_cats": 3,
    "max_cats": 6,
    "min_max_status": {
      "normal adult": [
        1,
        6
      ],
      "leader": null,
      "apprentice": null,
      "all apprentices": null
    },
    "weight": 20,
    "intro_text": "p_l sees two kits from o_c_n playing close to the border. ",
    "decline_text": "It's not {PRONOUN/p_l/poss} problem that those kits are alone and vulnerable. o_c_n should keep a closer eye on their kits.",
    "chance_of_success": 55,
    "success_outcomes": [
      {
        "relationships": [
          {
            "cats_to": [
              "patrol"
            ],
            "cats_from": [
              "patrol"
            ],
            "mutual": false,
            "values": [
              "respect",
              "trust"
            ],
            "amount": 10
          }
        ],
        "stat_skill": null,
        "stat_trait": null,
        "new_cat": null,
        "injury": null,
        "can_have_stat": null,
        "text": "p_l wouldn't be able to forgive {PRONOUN/p_l/self} if something happened to those kits. {PRONOUN/p_l/subject/CAP} {VERB/p_l/order/orders} the patrol other than r_c to go back to camp, and r_c and p_l go to bring the kits back to o_c_n.",
        "exp": 20,
        "weight": 20,
        "outsider_rep": 0,
        "other_clan_rep": 2
      },
      {
        "relationships": [
          {
            "cats_to": [
              "patrol"
            ],
            "cats_from": [
              "patrol"
            ],
            "mutual": false,
            "values": [
              "respect",
              "trust"
            ],
            "amount": 10
          }
        ],
        "stat_skill": null,
        "stat_trait": null,
        "new_cat": null,
        "injury": null,
        "can_have_stat": null,
        "text": "p_l orders the patrol except r_c back to camp. p_l and r_c grab the kits by their scruffs despite their protests, and on their journey to o_c_n they are greeted by a concerned patrol that is very happy and grateful to see the kits safe, thanking them profusely.",
        "exp": 20,
        "weight": 5,
        "outsider_rep": 0,
        "other_clan_rep": 2
      },
      {
        "relationships": [
          {
            "cats_to": [
              "patrol"
            ],
            "cats_from": [
              "patrol"
            ],
            "mutual": false,
            "values": [
              "respect",
              "trust"
            ],
            "amount": 10
          }
        ],
        "stat_skill": [
          "SPEAKER,1",
          "MEDIATOR,1"
        ],
        "stat_trait": null,
        "new_cat": null,
        "injury": null,
        "can_have_stat": [
          "adult"
        ],
        "text": "p_l orders the patrol to go back to camp asking that r_c be left behind to help {PRONOUN/p_l/object}. They go up to the little kits convincing them that they are gonna give them the best badger ride ever. As they approach o_c_n's camp, with the kits squealing with joy on their back, they are greeted with relief and laughter.",
        "exp": 20,
        "weight": 20,
        "outsider_rep": 0,
        "other_clan_rep": 2
      },
      {
        "relationships": [
          {
            "cats_to": [
              "patrol"
            ],
            "cats_from": [
              "patrol"
            ],
            "mutual": false,
            "values": [
              "respect",
              "trust"
            ],
            "amount": 10
          }
        ],
        "stat_skill": null,
        "stat_trait": [
          "compassionate",
          "loving",
          "charismatic"
        ],
        "new_cat": null,
        "injury": null,
        "can_have_stat": [
          "adult"
        ],
        "text": "p_l decides to bring r_c with {PRONOUN/p_l/object} to o_c_n and orders the others back to camp. As they approach o_c_n, they are immediately greeted by the leader, who recognizes p_l - knowing {PRONOUN/p_l/object} to be a kind and caring cat - and thanks both of them sincerely.",
        "exp": 20,
        "weight": 20,
        "outsider_rep": 0,
        "other_clan_rep": 2
      }
    ],
    "fail_outcomes": [
      {
        "dead_cats": null,
        "history_text": null,
        "relationships": [
          {
            "cats_to": [
              "patrol"
            ],
            "cats_from": [
              "patrol"
            ],
            "mutual": false,
            "values": [
              "respect",
              "trust"
            ],
            "amount": -10
          }
        ],
        "injury": null,
        "stat_trait": null,
        "stat_skill": null,
        "text": "As p_l goes to step over the border with r_c to retrieve the kits and bring them to their Clan, they stop as they hear a o_c_n patrol shouting for the kits. p_l is relieved to know they will be safe with their own Clan and resume {PRONOUN/p_l/poss} patrol. The patrol doesn't realize that the o_c_n cats saw them cross the border and now look upon their departing backs with fury.",
        "exp": 0,
        "weight": 20,
        "outsider_rep": 0,
        "other_clan_rep": -1
      },
      {
        "dead_cats": [
          "r_c"
        ],
        "history_text": {
          "scar": null,
          "reg_death": "m_c was slain by o_c_n warriors",
          "lead_death": "lost a life by o_c_n warriors"
        },
        "relationships": [
          {
            "cats_to": [
              "patrol"
            ],
            "cats_from": [
              "patrol"
            ],
            "mutual": false,
            "values": [
              "respect",
              "trust"
            ],
            "amount": -10
          }
        ],
        "injury": null,
        "stat_trait": null,
        "stat_skill": null,
        "text": "As p_l crosses the border with r_c to grab the kits by their scruff, a o_c_n patrol suddenly appears, looking furious, with their claws out and fangs bared! r_c gently drops the kit and attempts to explain the situation but is immediately and viciously killed. p_l races back over to their side of the border, just barely escaping the wrath of o_c_n warriors.",
        "exp": 0,
        "weight": 10,
        "outsider_rep": 0,
        "other_clan_rep": -1
      }
    ],
    "antag_fail_outcomes": [
      {
        "text": "p_l and the patrol cross the border to attack the two kits when they are thwarted by an o_c_n patrol that was looking for the kits. Fox-dung, a good opportunity to weaken o_c_n has failed.",
        "exp": 0,
        "weight": 20,
        "outsider_rep": 0,
        "other_clan_rep": -1
      }
    ],
    "antag_success_outcomes": [
      {
        "text": "p_l seizes the opportunity to weaken o_c_n and orders the patrol to attack and kill the kits.",
        "exp": 20,
        "weight": 20,
        "outsider_rep": 0,
        "other_clan_rep": -2
      }
    ]
  },
  {
    "patrol_id": "gen_border_otherclan_badger1",
    "biome": [
      "Any"
    ],
    "season": [
      "Any"
    ],
    "types": [
      "border"
    ],
    "tags": [
      "other_clan"
    ],
    "patrol_art": "bord_general_intro",
    "min_cats": 3,
    "max_cats": 6,
    "min_max_status": {
      "normal adult": [
        1,
        6
      ],
      "leader": [
        -1,
        -1
      ],
      "apprentice": null,
      "all apprentices": null
    },
    "weight": 20,
    "intro_text": "The patrol spots a badger making a den on o_c_n territory.",
    "decline_text": "It's not c_n's problem, but {PRONOUN/p_l/subject}  {VERB/p_l/make/makes} a mental note to mention the badger to {PRONOUN/p_l/poss} leader later.",
    "chance_of_success": 50,
    "success_outcomes": [
      {
        "relationships": [
          {
            "cats_to": [
              "patrol"
            ],
            "cats_from": [
              "clan"
            ],
            "mutual": false,
            "values": [
              "respect"
            ],
            "amount": 5
          }
        ],
        "stat_skill": null,
        "stat_trait": null,
        "new_cat": null,
        "injury": null,
        "can_have_stat": null,
        "text": "p_l is not willing to let any cat die to a badger. {PRONOUN/p_l/subject/CAP} {VERB/p_l/order/orders} the patrol to continue on while {PRONOUN/p_l/subject} {VERB/p_l/wait/waits} on an o_c_n patrol to come by, and to give them a warning about the badger.",
        "exp": 10,
        "weight": 20,
        "outsider_rep": 0,
        "other_clan_rep": 2
      },
      {
        "relationships": [
          {
            "cats_to": [
              "patrol"
            ],
            "cats_from": [
              "clan"
            ],
            "mutual": false,
            "values": [
              "respect"
            ],
            "amount": 5
          }
        ],
        "stat_skill": null,
        "stat_trait": null,
        "new_cat": null,
        "injury": null,
        "can_have_stat": null,
        "text": "As luck would have it, p_l smells an o_c_n patrol approaching. {PRONOUN/p_l/subject/CAP} {VERB/p_l/call/calls} out to the patrol and tells them about the badger and where {PRONOUN/p_l/subject} saw it making a den. The o_c_n patrol is grateful and return to camp immediately to report the badger to their leader.",
        "exp": 10,
        "weight": 5,
        "outsider_rep": 0,
        "other_clan_rep": 2
      },
      {
        "relationships": [
          {
            "cats_to": [
              "patrol"
            ],
            "cats_from": [
              "clan"
            ],
            "mutual": false,
            "values": [
              "respect"
            ],
            "amount": 5
          }
        ],
        "stat_skill": [
          "SPEAKER,1",
          "MEDIATOR,1"
        ],
        "stat_trait": null,
        "new_cat": null,
        "injury": null,
        "can_have_stat": [
          "adult"
        ],
        "text": "p_l tells the patrol to continue on and hops over the border to walk to o_c_n's camp. {PRONOUN/p_l/subject/CAP} {VERB/p_l/are/is} greeted at the camp entrance with bristled fur, angry hisses and the leader demanding to know what {PRONOUN/p_l/subject} {VERB/p_l/are/is} doing there. {PRONOUN/p_l/subject/CAP} {VERB/p_l/explain/explains} the situation and with {PRONOUN/p_l/poss} smooth talking skills manage to convince the cats of {PRONOUN/p_l/poss} good intentions. The leader thanks {PRONOUN/p_l/object} and orders a patrol to escort {PRONOUN/p_l/object} back to the border.",
        "exp": 10,
        "weight": 20,
        "outsider_rep": 0,
        "other_clan_rep": 2
      }
    ],
    "fail_outcomes": [
      {
        "dead_cats": null,
        "history_text": null,
        "relationships": [
          {
            "cats_to": [
              "patrol"
            ],
            "cats_from": [
              "clan"
            ],
            "mutual": false,
            "values": [
              "respect"
            ],
            "amount": -5
          }
        ],
        "injury": null,
        "stat_trait": null,
        "stat_skill": null,
        "text": "The patrol waits patiently at the border for any o_c_n cat to appear but they are out of luck that day. p_l decides to continue the patrol as {PRONOUN/p_l/subject} {VERB/p_l/have/has} tried waiting long enough.",
        "exp": 0,
        "weight": 20,
        "outsider_rep": 0,
        "other_clan_rep": 0
      }
    ],
    "antag_fail_outcomes": [
      {
        "text": "An o_c_n patrol approaches and asks if they have seen anything odd. At the same time that p_l says no, r_c tells the o_c_n cats about the huge badger {PRONOUN/r_c/subject} saw. The o_c_n patrols thanks r_c for {PRONOUN/r_c/poss} honesty, looking angrily at p_l at the same time.",
        "exp": 0,
        "weight": 20,
        "outsider_rep": 0,
        "other_clan_rep": -1
      }
    ],
    "antag_success_outcomes": [
      {
        "text": "{PRONOUN/p_l/subject/CAP} {VERB/p_l/continue/continues} {PRONOUN/p_l/object} patrol and sometime later an o_c_n patrol calls out to their patrol and asks if they have seen anything suspicious. p_l tells them coldly that {PRONOUN/p_l/poss} Clan doesn't owe them anything and continues {PRONOUN/p_l/poss} patrol.",
        "exp": 10,
        "weight": 20,
        "outsider_rep": 0,
        "other_clan_rep": -2
      }
    ]
  },
  {
    "patrol_id": "gen_border_trainingapprentices1",
    "biome": [
      "Any"
    ],
    "season": [
      "Any"
    ],
    "types": [
      "border"
    ],
    "tags": [
      "disrespect"
    ],
    "patrol_art": "train_general_intro",
    "min_cats": 3,
    "max_cats": 6,
    "min_max_status": {
      "normal adult": [
        1,
        6
      ],
      "leader": null,
      "apprentice": [
        1,
        6
      ],
      "all apprentices": [
        2,
        2
      ]
    },
    "weight": 20,
    "intro_text": "p_l is showing several apprentices the border, and points out some good spots to keep watch on specific parts of it.",
    "decline_text": "p_l has no patience for the rowdy apprentices that day, and orders them all back to camp. ",
    "chance_of_success": 65,
    "success_outcomes": [
      {
        "relationships": [
          {
            "cats_to": [
              "patrol"
            ],
            "cats_from": [
              "patrol"
            ],
            "mutual": false,
            "values": [
              "respect"
            ],
            "amount": 5
          },
          {
            "cats_to": [
              "patrol"
            ],
            "cats_from": [
              "patrol"
            ],
            "mutual": false,
            "values": [
              "dislike"
            ],
            "amount": -5
          }
        ],
        "stat_skill": null,
        "stat_trait": null,
        "new_cat": null,
        "injury": null,
        "can_have_stat": null,
        "text": "p_l is super proud of the apprentices, they are all attentive and are asking some great questions about c_n and their relations to the other Clans.",
        "exp": 10,
        "weight": 20,
        "outsider_rep": 0,
        "other_clan_rep": 0
      },
      {
        "relationships": [
          {
            "cats_to": [
              "patrol"
            ],
            "cats_from": [
              "patrol"
            ],
            "mutual": false,
            "values": [
              "respect"
            ],
            "amount": 5
          },
          {
            "cats_to": [
              "patrol"
            ],
            "cats_from": [
              "patrol"
            ],
            "mutual": false,
            "values": [
              "dislike"
            ],
            "amount": -5
          }
        ],
        "stat_skill": null,
        "stat_trait": null,
        "new_cat": null,
        "injury": null,
        "can_have_stat": null,
        "text": "p_l is laughing at the faces the apprentices are making, as they complain about all the icky smells coming from the other Clans at the border. They keep up their disgusted grimaces while asking questions about the other Clans their specific cultures.",
        "exp": 10,
        "weight": 5,
        "outsider_rep": 0,
        "other_clan_rep": 0
      }
    ],
    "fail_outcomes": [
      {
        "dead_cats": null,
        "history_text": null,
        "relationships": [
          {
            "cats_to": [
              "patrol"
            ],
            "cats_from": [
              "patrol"
            ],
            "mutual": false,
            "values": [
              "respect"
            ],
            "amount": -5
          },
          {
            "cats_to": [
              "patrol"
            ],
            "cats_from": [
              "patrol"
            ],
            "mutual": false,
            "values": [
              "dislike"
            ],
            "amount": 5
          }
        ],
        "injury": null,
        "stat_trait": null,
        "stat_skill": null,
        "text": "p_l just can't deal with those mouse-brained apprentices today. {PRONOUN/p_l/subject/CAP}{VERB/p_l/'ve/'s} had to stop app1 from crossing the border twice now. {PRONOUN/p_l/subject/CAP} {VERB/p_l/order/orders} them all back to camp, scolding them along the way.",
        "exp": 0,
        "weight": 20,
        "outsider_rep": 0,
        "other_clan_rep": 0
      }
    ],
    "antag_fail_outcomes": null,
    "antag_success_outcomes": null
  },
  {
    "patrol_id": "gen_border_otherclan_meeting1",
    "biome": [
      "Any"
    ],
    "season": [
      "Any"
    ],
    "types": [
      "border"
    ],
    "tags": [
      "non-lethal",
      "disrespect",
      "other_clan",
      "clan_to_pl",
      "distrust"
    ],
    "patrol_art": "bord_general_intro",
    "min_cats": 1,
    "max_cats": 1,
    "min_max_status": {
      "normal adult": [
        1,
        6
      ],
      "leader": [
        -1,
        -1
      ],
      "apprentice": null,
      "all apprentices": [
        -1,
        -1
      ]
    },
    "weight": 20,
    "intro_text": "p_l slinks through c_n's territory, low to the ground and watchful as {PRONOUN/p_l/subject} {VERB/p_l/approach/approaches} the o_c_n border. The moon hangs heavy in the sky, and {PRONOUN/p_l/poss} eyes dart around, taking in {PRONOUN/p_l/poss} surroundings - did {PRONOUN/p_l/subject} make it here unnoticed?",
    "decline_text": "{PRONOUN/p_l/subject/CAP} {VERB/p_l/hear/hears} something shift in the distance. Heart pounding, {PRONOUN/p_l/subject} silently {VERB/p_l/draw/draws} back, not wanting to stay to find out if it was prey or cat.",
    "chance_of_success": 45,
    "success_outcomes": [
      {
        "relationships": null,
        "stat_skill": null,
        "stat_trait": null,
        "new_cat": null,
        "injury": null,
        "can_have_stat": null,
        "text": "{PRONOUN/p_l/subject/CAP} {VERB/p_l/crouch/crouches} out of sight and {VERB/p_l/wait/waits}, still as stone. After a short while, there's a soft call across the border. Perking up, p_l rushes forward, pushing {PRONOUN/p_l/poss} nose into the fur of a cat from o_c_n. Tails entwined, they talk in hushed voices until the stars start to blink out. With a soft goodbye, each returns home, their Clans unknowing of their secret.",
        "exp": 5,
        "weight": 20,
        "outsider_rep": 0,
        "other_clan_rep": 0
      },
      {
        "relationships": null,
        "stat_skill": null,
        "stat_trait": null,
        "new_cat": null,
        "injury": null,
        "can_have_stat": null,
        "text": "p_l steps across the border, padding across as if {PRONOUN/p_l/subject} {VERB/p_l/belong/belongs} there. At the end of a hidden path sits a cat from o_c_n, who rises with a purr to rub up against p_l. The two simply lay together, the light of the moon dappling their pelts as they enjoy each other's company. When dawn approaches, r_c heads home, {PRONOUN/p_l/poss} absence and return each unnoticed.",
        "exp": 5,
        "weight": 5,
        "outsider_rep": 0,
        "other_clan_rep": 0
      },
      {
        "relationships": null,
        "stat_skill": null,
        "stat_trait": [
          "sneaky",
          "careful",
          "cunning"
        ],
        "new_cat": null,
        "injury": null,
        "can_have_stat": null,
        "text": "p_l just about walks right into o_c_n's camp, {PRONOUN/p_l/poss} steps so practiced and quiet {PRONOUN/p_l/subject} may as well not be there at all. A cat from o_c_n ducks out and twines their tails together, pressing their side to p_l's with a purr. They slowly walk to the border, murmuring to each other about this and that, where they part ways with a gentle brush of their noses.",
        "exp": 5,
        "weight": 20,
        "outsider_rep": 0,
        "other_clan_rep": 0
      }
    ],
    "fail_outcomes": [
      {
        "dead_cats": null,
        "history_text": null,
        "relationships": [
          {
            "cats_to": [
              "patrol"
            ],
            "cats_from": [
              "patrol"
            ],
            "mutual": false,
            "values": [
              "dislike"
            ],
            "amount": -5
          }
        ],
        "injury": null,
        "stat_trait": null,
        "stat_skill": null,
        "text": "There's movement across the border, and while p_l's heart beats fast at the sight of a certain cat, {PRONOUN/p_l/subject}'{VERB/p_l/re/s} crestfallen to see them accompanied by a Clanmate. The Clanmate stares with narrowed eyes at p_l, gruffly reminding {PRONOUN/p_l/object} to stay on {PRONOUN/p_l/poss} own side of the border before whisking away with the other cat in tow.",
        "exp": 0,
        "weight": 20,
        "outsider_rep": 0,
        "other_clan_rep": -1
      },
      {
        "dead_cats": null,
        "history_text": null,
        "relationships": [
          {
            "cats_to": [
              "patrol"
            ],
            "cats_from": [
              "patrol"
            ],
            "mutual": false,
            "values": [
              "dislike"
            ],
            "amount": -5
          }
        ],
        "injury": null,
        "stat_trait": [
          "bold",
          "daring",
          "confident",
          "arrogant",
          "shameless",
          "oblivious"
        ],
        "stat_skill": null,
        "text": "Boldly, p_l steps right across the border, only to be unceremoniously yanked back by the tail almost right away. {PRONOUN/p_l/subject/CAP} {VERB/p_l/look/looks} over {PRONOUN/p_l/poss} shoulder in bewilderment, heart sinking when {PRONOUN/p_l/subject} {VERB/p_l/see/sees} one of {PRONOUN/p_l/poss} Clanmates staring {PRONOUN/p_l/object} down. {PRONOUN/p_l/subject/CAP} would almost rather be seeing a fox right now... how will {PRONOUN/p_l/subject} explain <i>this?</i>",
        "exp": 0,
        "weight": 20,
        "outsider_rep": 0,
        "other_clan_rep": -1
      },
      {
        "dead_cats": null,
        "history_text": {
          "scar": "r_c was scarred when {PRONOUN/r_c/subject} tried to sneak across the o_c_n border.",
          "reg_death": null,
          "lead_death": null
        },
        "relationships": [
          {
            "cats_to": [
              "patrol"
            ],
            "cats_from": [
              "patrol"
            ],
            "mutual": false,
            "values": [
              "dislike"
            ],
            "amount": -5
          }
        ],
        "injury": [
          {
            "cats": [
              "r_c"
            ],
            "injuries": [
              "claw-wound"
            ],
            "no_results": false,
            "scars": [
              "ONE"
            ]
          }
        ],
        "stat_trait": null,
        "stat_skill": null,
        "text": "There's movement across the border, and while p_l's heart beats fast at the sight of a certain cat, {PRONOUN/p_l/subject}'{VERB/p_l/re/s} crestfallen to see them accompanied by a Clanmate. What's worse, this cat is one known to be aggressive, and tonight is no different - p_l is sent back to camp with {PRONOUN/p_l/poss} tail between {PRONOUN/p_l/poss} legs, fresh claw-wounds glistening in the moonlight.",
        "exp": 0,
        "weight": 10,
        "outsider_rep": 0,
        "other_clan_rep": -1
      },
      {
        "dead_cats": null,
        "history_text": {
          "scar": "r_c was scarred when {PRONOUN/r_c/subject} tried to sneak across the o_c_n border.",
          "reg_death": null,
          "lead_death": null
        },
        "relationships": [
          {
            "cats_to": [
              "patrol"
            ],
            "cats_from": [
              "patrol"
            ],
            "mutual": false,
            "values": [
              "dislike"
            ],
            "amount": -5
          }
        ],
        "injury": [
          {
            "cats": [
              "s_c"
            ],
            "injuries": [
              "claw-wound"
            ],
            "no_results": false,
            "scars": [
              "ONE"
            ]
          }
        ],
        "stat_trait": [
          "bold",
          "daring",
          "confident",
          "arrogant",
          "shameless",
          "oblivious"
        ],
        "stat_skill": null,
        "text": "Deciding it looks safe enough, p_l walks across the border... right into a late-night border patrol. {PRONOUN/p_l/subject/CAP}'{VERB/p_l/re/s} dealt with pretty quickly, and {PRONOUN/p_l/poss} fur prickles with embarrassment as {PRONOUN/p_l/subject} {VERB/p_l/scramble/scrambles} back over the border, trying to figure out how {PRONOUN/p_l/subject}'ll explain the fresh claw-wounds scoring {PRONOUN/p_l/poss} pelt to {PRONOUN/p_l/poss} Clanmates.",
        "exp": 0,
        "weight": 10,
        "outsider_rep": 0,
        "other_clan_rep": -1
      }
    ],
    "antag_fail_outcomes": [
      {
        "text": "p_l moves to pad across the border, only to be called back with a sharp yowl. Of all the nights for there to be a night patrol {PRONOUN/p_l/subject} didn't know about, it had to be <i>tonight?</i> {PRONOUN/p_l/subject/CAP} {VERB/p_l/get/gets} such an earful that a certain cat from o_c_n hears and wanders over, watching the altercation with an unreadable expression. How embarrassing...",
        "exp": 0,
        "weight": 20,
        "outsider_rep": 0,
        "other_clan_rep": -1
      }
    ],
    "antag_success_outcomes": [
      {
        "text": "p_l strolls across the border, deliberately laying {PRONOUN/p_l/poss} scent everywhere {PRONOUN/p_l/subject} can. For good measure, {PRONOUN/p_l/subject} {VERB/p_l/hunt/hunts} and {VERB/p_l/kill/kills} a mouse, feasting messily and leaving the bones strewn about. That'll show those good-for-nothing o_c_n cats who really owns these lands.",
        "exp": 5,
        "weight": 20,
        "outsider_rep": 0,
        "other_clan_rep": -2
      }
    ]
  },
  {
    "patrol_id": "gen_bord_kittybat",
    "biome": [
      "Any"
    ],
    "season": [
      "Any"
    ],
    "types": [
      "border"
    ],
    "tags": [
      "halloween"
    ],
    "patrol_art": "kittybat_INTRO",
    "min_cats": 2,
    "max_cats": 6,
    "min_max_status": {
      "normal adult": null,
      "leader": null,
      "apprentice": null,
      "all apprentices": null
    },
    "weight": 20,
    "intro_text": "On border patrol, the patrol finds kittypet scent. Following the (extremely) obvious sounds of distress, p_l leads the patrol down to a kittypet, who has haplessly managed to get themself wedged between a couple rocks. Wailing pathetically, they cry that their wing is stuck!",
    "decline_text": "It's beyond c_n's border, it's not c_n's problem.",
    "chance_of_success": 50,
    "success_outcomes": [
      {
        "relationships": null,
        "stat_skill": null,
        "stat_trait": null,
        "new_cat": null,
        "injury": null,
        "can_have_stat": null,
        "text": "Cats don't normally come with wings, much less bat ones, and the patrol flinches back from the foreign stranger. But unnatural or not, the stranger's still stuck, and with a deep breath, p_l orders them forward to free a fellow cat... ish... thing.",
        "exp": 15,
        "weight": 20,
        "outsider_rep": 1,
        "other_clan_rep": 0
      },
      {
        "relationships": null,
        "stat_skill": null,
        "stat_trait": null,
        "new_cat": null,
        "injury": null,
        "can_have_stat": null,
        "text": "Frankly, extra limbs or not (bat wings, at that, this'll make a great story back at camp), the patrol needs to get this plump crying ball of fur back to their Twolegs - the world will eat this kittypet alive if they don't help them.",
        "exp": 15,
        "weight": 10,
        "outsider_rep": 1,
        "other_clan_rep": 0
      }
    ],
    "fail_outcomes": [
      {
        "dead_cats": null,
        "history_text": null,
        "relationships": null,
        "injury": null,
        "stat_trait": null,
        "stat_skill": null,
        "text": "Falling over, paws waving helplessly in the air and somehow making the situation <i>even worse</i>, the patrol passes the idiotic kittypet by, leaving them to their stupidity while they focus on their actual task.",
        "exp": 0,
        "weight": 20,
        "outsider_rep": -1,
        "other_clan_rep": 0
      }
    ],
    "antag_fail_outcomes": [
      {
        "text": "Swaggering up, p_l tries to intimidate the kittypet. But while the cat is easily successfully frightened, that doesn't make them any less stuck in place, and eventually the patrol is forced to help set them free, if only so they can leave c_n's borders.",
        "exp": 0,
        "weight": 20,
        "outsider_rep": -1,
        "other_clan_rep": 0
      }
    ],
    "antag_success_outcomes": [
      {
        "text": "Hissing, p_l bowls the kittypet over, and with a ripping sound, the bat wing detaches from their back. The plump cat's crying increases in volume as they flee. p_l brings the trophy back to camp to boast.",
        "exp": 15,
        "weight": 20,
        "outsider_rep": -2,
        "other_clan_rep": 0
      }
    ]
  },
  {
    "patrol_id": "gen_border_pumpkineyes",
    "biome": [
      "Any"
    ],
    "season": [
      "leaf-fall"
    ],
    "types": [
      "border"
    ],
    "tags": [
      "halloween"
    ],
    "patrol_art": "pumpkineyes_INTRO",
    "min_cats": 2,
    "max_cats": 6,
    "min_max_status": {
      "normal adult": null,
      "leader": null,
      "apprentice": null,
      "all apprentices": null
    },
    "weight": 20,
    "intro_text": "The patrol heads out to check the borders when p_l says {PRONOUN/p_l/subject} {VERB/p_l/see/sees} strange glowing eyes in the distance.",
    "decline_text": "r_c sighs and tells p_l that {PRONOUN/p_l/subject}{VERB/p_l/'re/'s} just seeing things, there's nothing out there... right?",
    "chance_of_success": 50,
    "success_outcomes": [
      {
        "relationships": null,
        "stat_skill": null,
        "stat_trait": null,
        "new_cat": null,
        "injury": null,
        "can_have_stat": null,
        "text": "The patrol cautiously heads in the direction of the strange, unmoving eyes. The cats see a strange face with glowing eyes in the distance, baring its fangs and smelling of smoke. p_l creeps up to the face to find it that it belongs to a pumpkin! Startled and somewhat scared, r_c suggests heading back to camp to report this bizarre finding to the Clan. p_l agrees, not wanting to be near this... thing... any longer.",
        "exp": 10,
        "weight": 20,
        "outsider_rep": 0,
        "other_clan_rep": 0
      },
      {
        "relationships": null,
        "stat_skill": null,
        "stat_trait": null,
        "new_cat": null,
        "injury": null,
        "can_have_stat": null,
        "text": "The patrol cautiously heads in the direction of the strange, unmoving eyes. When p_l gets closer {PRONOUN/p_l/subject} {VERB/p_l/are/is} overwhelmed with the scent of Twolegs and smoke. Upon closer inspection it seems that these foolish Twoleg kits are trying to set fire to a pumpkin with an unsettling hollow face! p_l and r_c charge the Twoleg kits, hissing, spitting, and doing their best to scare them off. Thankfully the kits scatter before they set the pumpkin ablaze.",
        "exp": 10,
        "weight": 5,
        "outsider_rep": 0,
        "other_clan_rep": 0
      },
      {
        "relationships": null,
        "stat_skill": [
          "CLEVER,1",
          "INSIGHTFUL,1",
          "SENSE,1"
        ],
        "stat_trait": [
          "thoughtful",
          "careful",
          "cunning",
          "responsible",
          "wise"
        ],
        "new_cat": null,
        "injury": null,
        "can_have_stat": null,
        "text": "As the patrol heads in the direction of the sinister glare of strange, unmoving eyes, the scent of smoke creeps up on the patrol. s_c darts forward, finding the smoke scent coming from an odd pumpkin with some sort of... face? Thinking quickly {PRONOUN/s_c/subject} {VERB/s_c/scratch/scratches} dirt into the holes on the pumpkin, extinguishing the small flames, but leaving the patrol wondering what in the name of StarClan they're looking at.",
        "exp": 15,
        "weight": 10,
        "outsider_rep": 0,
        "other_clan_rep": 0
      },
      {
        "relationships": null,
        "stat_skill": [
          "KITTYPET,0",
          "LONER,0"
        ],
        "stat_trait": null,
        "new_cat": null,
        "injury": null,
        "can_have_stat": null,
        "text": "The patrol nervously heads towards the unblinking eyes, unsure of what lies ahead. As the strange object comes into view, s_c lets out a mrrow of laughter! {PRONOUN/s_c/subject/CAP} {VERB/s_c/explain/explains} that this is a Twoleg ritual performed around the start of leaf-bare. p_l is glad to have a cat with s_c's understanding of Twolegs on this patrol. With this knowledge, unneeded panic was surely avoided!",
        "exp": 15,
        "weight": 10,
        "outsider_rep": 0,
        "other_clan_rep": 0
      },
      {
        "relationships": null,
        "stat_skill": [
          "GHOST,1"
        ],
        "stat_trait": null,
        "new_cat": null,
        "injury": null,
        "can_have_stat": null,
        "text": "The patrol nervously heads towards the unblinking eyes, unsure of what lies ahead. As the strange object comes into view, s_c begins to bristle with unease. {PRONOUN/s_c/subject/CAP} can see strange, mist-like Twolegs floating around the glowing, unblinking face of a... pumpkin? The figures approach s_c, and run their cold, fur-less paws through {PRONOUN/s_c/subject} fur. s_c can hardly hear r_c asking {PRONOUN/s_c/object} why {PRONOUN/s_c/subject}{VERB/s_c/'re/'s} frozen in place.",
        "exp": 20,
        "weight": 10,
        "outsider_rep": 0,
        "other_clan_rep": 0
      }
    ],
    "fail_outcomes": [
      {
        "dead_cats": null,
        "history_text": null,
        "relationships": null,
        "injury": null,
        "stat_trait": null,
        "stat_skill": null,
        "text": "The patrol cautiously heads in the direction of the strange, unmoving eyes. As they get closer to what seems to be some sort of pumpkin, a group of Twoleg kits springs out of nowhere and chases the frightened cats off! The patrol runs until the Twolegs stop following. Panting and defeated, they return to camp with not much information about the strange face.",
        "exp": 0,
        "weight": 20,
        "outsider_rep": 0,
        "other_clan_rep": 0
      },
      {
        "dead_cats": null,
        "history_text": null,
        "relationships": null,
        "injury": null,
        "stat_trait": [
          "bloodthirsty",
          "cold",
          "strict",
          "grumpy",
          "fierce"
        ],
        "stat_skill": null,
        "text": "As r_c slowly creeps towards the disturbing face, s_c huffs with frustration. Tail lashing, s_c calls r_c a mouse-heart and stomps in the direction of the unblinking eyes without a shred of fear. s_c rolls {PRONOUN/s_c/poss} eyes and knocks over the harmless pumpkin, ignoring the strange face and the smell of smoke wafting around it.",
        "exp": 5,
        "weight": 20,
        "outsider_rep": 0,
        "other_clan_rep": 0
      },
      {
        "dead_cats": null,
        "history_text": null,
        "relationships": null,
        "injury": null,
        "stat_trait": [
          "troublesome",
          "childish",
          "playful",
          "shameless"
        ],
        "stat_skill": null,
        "text": "As r_c slowly creeps towards the disturbing face, s_c recklessly darts forward to get a closer look! {PRONOUN/s_c/subject/CAP} {VERB/s_c/crash/crashes} into some strange pumpkin, knocking it over and obscuring the strange face. The patrol heads home without much left to investigate thanks to s_c's antics.",
        "exp": 5,
        "weight": 20,
        "outsider_rep": 0,
        "other_clan_rep": 0
      }
    ],
    "antag_fail_outcomes": null,
    "antag_success_outcomes": null
  },
  {
    "patrol_id": "gen_bord_trickortreat",
    "biome": [
      "Any"
    ],
    "season": [
      "leaf-fall"
    ],
    "types": [
      "border"
    ],
    "tags": [
      "halloween"
    ],
    "patrol_art": "bord_general_intro",
    "min_cats": 2,
    "max_cats": 6,
    "min_max_status": {
      "normal adult": null,
      "leader": null,
      "apprentice": null,
      "all apprentices": null
    },
    "weight": 20,
    "intro_text": "The patrol stumbles upon a strange scene near a Twolegplace: Twoleg kits traveling from den to den in colorful pelts.",
    "decline_text": "The patrol decides it's best not to interfere with this peculiar ritual.",
    "chance_of_success": 50,
    "success_outcomes": [
      {
        "relationships": null,
        "stat_skill": null,
        "stat_trait": null,
        "new_cat": null,
        "injury": null,
        "can_have_stat": null,
        "text": "r_c, being ever so curious, decides to see if {PRONOUN/r_c/subject} can decipher the meaning behind this Twoleg ritual. After some time, {PRONOUN/r_c/subject} {VERB/r_c/realize/realizes} it's some kind of friendly exchange. Each time the Twoleg kits go to the den, they receive a bit of prey from the older Twolegs. The patrol takes note and continues on their way, amused by the strange Twoleg customs.",
        "exp": 10,
        "weight": 20,
        "outsider_rep": 0,
        "other_clan_rep": 0
      },
      {
        "relationships": null,
        "stat_skill": null,
        "stat_trait": null,
        "new_cat": null,
        "injury": null,
        "can_have_stat": null,
        "text": "r_c cautiously approaches the Twoleg kits, intrigued by their colorful pelts. To r_c's surprise, one of the tiny Twolegs offers {PRONOUN/r_c/object} a strange, shiny object. It doesn't smell exactly like prey, but r_c decides to take it back to the camp for further investigation.",
        "exp": 10,
        "weight": 20,
        "outsider_rep": 0,
        "other_clan_rep": 0
      },
      {
        "relationships": null,
        "stat_skill": null,
        "stat_trait": null,
        "new_cat": null,
        "injury": null,
        "can_have_stat": null,
        "text": "r_c decides to mimic the small Twolegs. Approaching a larger Twoleg den, {PRONOUN/r_c/subject} {VERB/r_c/meow/meows} softly at the entrance. The Twoleg that opens the entrance seems amused and hands r_c a morsel of food. The patrol decides to inspect it further once they return to camp.",
        "exp": 10,
        "weight": 20,
        "outsider_rep": 0,
        "other_clan_rep": 0
      }
    ],
    "fail_outcomes": [
      {
        "dead_cats": null,
        "history_text": null,
        "relationships": null,
        "injury": null,
        "stat_trait": null,
        "stat_skill": null,
        "text": "r_c, being ever so curious, decides to see if {PRONOUN/r_c/subject} can decipher the meaning behind this Twoleg ritual. However, after some time, {PRONOUN/r_c/subject} {VERB/r_c/give/gives} up, concluding that it's just another strange Twoleg custom that Clan cats will never understand.",
        "exp": 0,
        "weight": 10,
        "outsider_rep": 0,
        "other_clan_rep": 0
      },
      {
        "dead_cats": null,
        "history_text": null,
        "relationships": null,
        "injury": null,
        "stat_trait": null,
        "stat_skill": null,
        "text": "The patrol attempts to get closer to the Twoleg kits, but their presence causes panic among the little creatures. The larger Twolegs nearby seem agitated, waving their paws and stomping around. The cats quickly retreat to avoid causing further disruption.",
        "exp": 0,
        "weight": 10,
        "outsider_rep": 0,
        "other_clan_rep": 0
      }
    ],
    "antag_fail_outcomes": null,
    "antag_success_outcomes": null
  },
  {
    "patrol_id": "gen_bord_scarecrow",
    "biome": [
      "Any"
    ],
    "season": [
      "Any"
    ],
    "types": [
      "border"
    ],
    "tags": [
      "halloween"
    ],
    "patrol_art": "scarecrow_INTRO",
    "min_cats": 2,
    "max_cats": 6,
    "min_max_status": {
      "normal adult": null,
      "leader": null,
      "apprentice": null,
      "all apprentices": null
    },
    "weight": 20,
    "intro_text": "On the outskirts of the territory, the patrol comes across a tall, motionless Twoleg rooted in the middle of a field.",
    "decline_text": "The patrol doesn't want to risk going near this strange Twoleg and quickly heads back to camp to report the odd sighting.",
    "chance_of_success": 50,
    "success_outcomes": [
      {
        "relationships": null,
        "stat_skill": null,
        "stat_trait": null,
        "new_cat": null,
        "injury": null,
        "can_have_stat": null,
        "text": "r_c hesitantly approaches the Twoleg, fur bristling and on guard. It doesn't appear to notice {PRONOUN/r_c/object} yet. Paw by paw, r_c inches forward, but realizes something seems off. Is this Twoleg... even alive? With some more investigation, r_c finds hay sticking out of the Twoleg's pelt. How odd. r_c reports back with {PRONOUN/r_c/poss} findings.",
        "exp": 10,
        "weight": 20,
        "outsider_rep": 0,
        "other_clan_rep": 0
      },
      {
        "relationships": null,
        "stat_skill": [
          "FIGHTER,0"
        ],
        "stat_trait": null,
        "new_cat": null,
        "injury": null,
        "can_have_stat": null,
        "text": "s_c sneaks up behind the Twoleg. With a mighty roar, s_c leaps onto its back and {PRONOUN/s_c/poss} momentum sends the Twoleg falling to the ground with a giant thump.",
        "exp": 10,
        "weight": 20,
        "outsider_rep": 0,
        "other_clan_rep": 0
      },
      {
        "relationships": null,
        "stat_skill": [
          "ROGUE,0",
          "LONER,0"
        ],
        "stat_trait": null,
        "new_cat": null,
        "injury": null,
        "can_have_stat": null,
        "text": "s_c stops the patrol, narrowing {PRONOUN/s_c/poss} eyes. That isn't a Twoleg! {PRONOUN/s_c/subject} came across one before during {PRONOUN/s_c/object} time outside the Clan. It's a 'scarecrow', {PRONOUN/s_c/subject} {VERB/s_c/explain/explains}, meant to protect the Twoleg fields from harm. The patrol continues on their way, giving the scarecrow a wide berth.",
        "exp": 10,
        "weight": 20,
        "outsider_rep": 0,
        "other_clan_rep": 0
      }
    ],
    "fail_outcomes": [
      {
        "dead_cats": null,
        "history_text": null,
        "relationships": null,
        "injury": null,
        "stat_trait": null,
        "stat_skill": null,
        "text": "The patrol decides to take no chances and sets up an ambush around the Twoleg. They wait... and wait... but the Twoleg makes no movements to attack. Finally, r_c notices that the Twoleg isn't even a Twoleg at all! They wasted all of that time for nothing.",
        "exp": 0,
        "weight": 10,
        "outsider_rep": 0,
        "other_clan_rep": 0
      },
      {
        "dead_cats": null,
        "history_text": null,
        "relationships": null,
        "injury": null,
        "stat_trait": null,
        "stat_skill": [
          "FIGHTER,0"
        ],
        "text": "s_c sneaks up behind the Twoleg. With a mighty roar, s_c leaps onto its back and {PRONOUN/s_c/poss} momentum sends both of them to the ground. s_c ends up covered in hay, {PRONOUN/s_c/poss} claws sunk into a harmless scarecrow.",
        "exp": 10,
        "weight": 20,
        "outsider_rep": 0,
        "other_clan_rep": 0
      }
    ],
    "antag_fail_outcomes": null,
    "antag_success_outcomes": null
  }
]